{
  "dates": [
    1657065600, 1657152000, 1657238400, 1657324800, 1657411200, 1657497600,
    1657584000, 1657670400, 1657756800, 1657843200, 1657929600, 1658016000,
    1658102400, 1658188800, 1658275200, 1658361600, 1658448000, 1658534400,
    1658620800, 1658707200, 1658793600, 1658880000, 1658966400, 1659052800,
    1659139200, 1659225600, 1659312000, 1659398400, 1659484800, 1659571200,
    1659657600, 1659744000, 1659830400, 1659916800, 1660003200, 1660089600,
    1660176000, 1660262400, 1660348800, 1660435200, 1660521600, 1660608000,
    1660694400, 1660780800, 1660867200, 1660953600, 1661040000, 1661126400,
    1661212800, 1661299200, 1661385600, 1661472000, 1661558400, 1661644800,
    1661731200, 1661817600, 1661904000, 1661990400, 1662076800, 1662163200,
    1662249600, 1662336000, 1662422400, 1662508800, 1662595200, 1662681600,
    1662768000, 1662854400, 1662940800, 1663027200, 1663113600, 1663200000,
    1663286400, 1663372800, 1663459200, 1663545600, 1663632000, 1663718400,
    1663804800, 1663891200, 1663977600, 1664064000, 1664150400, 1664236800,
    1664323200, 1664409600, 1664496000, 1664582400, 1664668800, 1664755200,
    1664841600, 1664928000, 1665014400, 1665100800, 1665187200, 1665273600,
    1665360000, 1665446400, 1665532800, 1665619200, 1665705600, 1665792000,
    1665878400, 1665964800, 1666051200, 1666137600, 1666224000, 1666310400,
    1666396800, 1666483200, 1666569600, 1666656000, 1666742400, 1666828800,
    1666915200, 1667001600, 1667088000, 1667174400, 1667260800, 1667347200,
    1667433600, 1667520000, 1667606400, 1667692800, 1667779200, 1667865600,
    1667952000, 1668038400, 1668124800, 1668211200, 1668297600, 1668384000,
    1668470400, 1668556800, 1668643200, 1668729600, 1668816000, 1668902400,
    1668988800, 1669075200, 1669161600, 1669248000, 1669334400, 1669420800,
    1669507200, 1669593600, 1669680000, 1669766400, 1669852800, 1669939200,
    1670025600, 1670112000, 1670198400, 1670284800, 1670371200, 1670457600,
    1670544000, 1670630400, 1670716800, 1670803200, 1670889600, 1670976000,
    1671062400, 1671148800, 1671235200, 1671321600, 1671408000, 1671494400,
    1671580800, 1671667200, 1671753600, 1671840000, 1671926400, 1672012800,
    1672099200, 1672185600, 1672272000, 1672358400
  ],
  "values": [
    4499.995, 4492.474934631691, 4516.908444578079, 4030.3163735201856,
    4031.1336552771622, 4041.0358021354114, 4003.5276208887967,
    3928.753511835483, 3942.328297761114, 3692.013828563706, 3721.587649317218,
    3873.4779399324725, 3455.6961337762864, 3527.5390107999856,
    3700.3068509014392, 3837.210228290899, 4021.92088132907, 3925.0644837644018,
    4132.897893898798, 3900.8254655520113, 3965.0325829722033,
    3827.788356572906, 3887.8493790977145, 4046.853527259432,
    3928.8874908379667, 4006.1720677880526, 4198.009094842541,
    4100.375680594329, 4282.133700677432, 4078.8889071146973, 4111.013843495215,
    4072.3110845808874, 4048.7859273542263, 4090.895823702846,
    3977.3467520674676, 3955.4712231365143, 4008.095317763559,
    4027.6234591976204, 4072.2525103763164, 4064.6017256974023,
    4050.3148498213172, 4055.407368339712, 4051.286152733018,
    4072.5220824983853, 4037.2323445666048, 3538.8742497105627,
    3671.653077782609, 3626.5213370450588, 3584.145418351577, 3681.736341430771,
    3688.1923879601313, 3737.8018910089995, 3761.421739081756,
    3761.421739081756, 3640.100273745631, 3799.4328304096953, 3857.694692309486,
    3502.8981766294123, 3501.9404763373755, 3208.4952332416824,
    3236.079846309287, 3624.2140674753423, 3678.3778020561053,
    3760.3832394132073, 3713.768409372878, 3711.160551623337, 3847.056933373261,
    3843.2161581247515, 3765.2930870690043, 3500.1306933800092,
    3575.3283565951474, 3617.7281793579214, 3494.6194532688496,
    3670.5427946265245, 3654.1464129969677, 3805.9473632691684,
    3697.11895062886, 3710.111135008413, 3771.039842974955, 3680.0849384961416,
    3800.2815473120704, 3778.853955794568, 3810.406882394376,
    3634.1483297267782, 3555.1664867380564, 3602.2611273306775,
    3602.883120163612, 3522.900985301273, 3641.9413916406143,
    3665.9235279839513, 3544.6313622146677, 3616.980040533568,
    3658.1531239456826, 3678.4929435438053, 3597.4207296049653,
    4313.1933763877805, 3640.113891746781, 3640.470038660728, 3769.783213204675,
    3892.657584801291, 3503.4925959101674, 3319.5773035467323,
    3409.511323170748, 3709.303358643573, 3771.3091957464953,
    3900.5133301401906, 3528.7811051766066, 3823.749370489491,
    3664.1081398807682, 3685.30013725677, 3684.095379576356, 3734.6076053795605,
    3762.276586450941, 3760.6935645134995, 3868.0701632582877,
    3609.414500855444, 3691.477316811195, 3725.497550761872, 3706.6799370106605,
    3880.619354466132, 3772.154123665116, 3535.654704809255, 4294.837635668262,
    3934.9241124008277, 3489.5742425008257, 3397.7368361191534,
    3440.7475043208456, 3673.8646591776537, 4014.1485545064297,
    4265.0320238879285, 4161.473545422713, 3688.6448019012732,
    3515.083211962201, 3690.366835715073, 4157.9815513473, 3881.7779260547195,
    3876.8548919836235, 3708.412637812915, 4000.6997071588976,
    4115.818128772694, 3989.927390846182, 4286.658202072151, 4474.2519035302785,
    4415.559194190834, 4460.223930567439, 4400.430017754542, 4133.820535835236,
    4133.707601390333, 4072.238571181235, 3871.014554367207, 3902.2905241637854,
    3970.099835499623, 3915.3019490322818, 3907.0267372840162,
    3740.391466177309, 3679.5806552799827, 3664.5589205904257,
    3652.666594499272, 3793.739715921906, 3719.5914328932026,
    3920.3505436163355, 3961.833369374209, 3935.9854499062776,
    3763.7304538572093, 4001.4417494656655, 4103.9729717449345,
    4044.7480881209603, 3846.1583231203876, 3627.4625090423665,
    3918.3710160332585, 3993.1966276877847, 3900.0700124235614,
    3882.5948495951106, 3909.6362913182784, 3921.040363728651,
    3820.7217529203076, 3852.7703395030762, 3864.7445594656565
  ]
}
